Corruption Perceptions Index 2023: Score timeseries since 2012,,,,,,,,,,,,,,,,,,,,,,,,,,,,,,,,,,,,,,,,,,,,,
EMBARGOED UNTIL 30.01.2024,,,,,,,,,,,,,,,,,,,,,,,,,,,,,,,,,,,,,,,,,,,,,
,,,,,,,,,,,,,,,,,,,,,,,,,,,,,,,,,,,,,,,,,,,,,
Country / Territory,ISO3,Region,CPI score 2023,Rank 2023,Sources 2023,Standard error 2023,CPI score 2022,Rank 2022,Sources 2022,Standard error 2022,CPI score 2021,Rank 2021,Sources 2021,Standard error 2021,CPI score 2020,Rank 2020,Sources 2020,Standard error 2020,CPI score 2019,Rank 2019,Sources 2019,Standard error 2019,CPI score 2018,Rank 2018,Sources 2018,Standard error 2018,CPI score 2017,Rank 2017,Sources 2017,Standard error 2017,CPI score 2016,Sources 2016,Standard error 2016,CPI score 2015,Sources 2015,Standard error 2015,CPI score 2014,Sources 2014,Standard error 2014,CPI Score 2013,Sources 2013,Standard error 2013,CPI Score 2012,Sources 2012,Standard error 2012
Afghanistan,AFG,AP,20,162,5,6.24,24,150,4,6.30,16,174,5,2.12,19,165,5,2.44,16,173,5,2.55,16,172,5,1.41,15,177,5,1.39,15,5,1.74,11,4,3.49,12,4,1.29,8,3,3.3,8,3,3.3
Albania,ALB,ECA,37,98,7,1.56,36,101,8,1.32,35,110,8,1.33,36,104,8,0.92,35,106,8,2.51,36,99,8,1.65,38,91,8,1.81,39,7,1.99,36,7,3.58,33,7,1.51,31,7,2.1,33,7,2
Algeria,DZA,MENA,36,104,7,2.33,33,116,6,1.67,33,117,7,1.08,36,104,7,1.48,35,106,7,2.59,35,105,6,1.21,33,112,6,2.32,34,6,2.94,36,5,1.85,36,5,2.06,36,6,2.8,34,6,3.3
Angola,AGO,SSA,33,121,7,2.81,33,116,7,2.81,29,136,7,1.53,27,142,7,2.01,26,146,7,1.82,19,165,6,1.31,19,167,5,1.28,18,4,1.68,15,5,1.8,19,6,1.71,23,7,2.8,22,7,1.8
Argentina,ARG,AME,37,98,8,2.05,38,94,7,2.33,38,96,8,2.10,42,78,8,2.32,45,66,8,3.29,40,85,8,2.7,39,85,8,2.92,36,8,1.76,32,7,1.84,34,7,2.42,34,8,2.4,35,8,2.6
Armenia,ARM,ECA,47,62,6,2.54,46,63,6,2.47,49,58,6,3.76,49,60,6,3.50,42,77,6,4.31,35,105,6,4,35,107,6,3.79,33,6,4.01,35,5,2.98,37,6,3.69,36,6,3.5,34,6,2.7
Australia,AUS,AP,75,14,9,1.52,75,13,9,0.78,73,18,9,1.63,77,11,9,1.05,77,12,9,1.32,77,13,9,1.27,77,13,9,1.4,79,8,1.27,79,8,1.5,80,8,1.31,81,8,1.5,85,8,1.1
Austria,AUT,WE/EU,71,20,8,1.37,71,22,8,1.53,74,13,8,0.83,76,15,8,0.67,77,12,8,1.57,76,14,8,1.37,75,16,8,1.17,75,7,1.36,76,7,1.76,72,7,3.49,69,8,3.2,69,8,2.4
Azerbaijan,AZE,ECA,23,154,6,2.46,23,157,6,2.40,30,128,7,5.52,30,129,7,5.00,30,126,7,7.16,25,152,6,4.09,31,122,7,5.64,30,7,5.13,29,6,3.25,29,6,3.02,28,6,3.5,27,6,2.5
Bahamas,BHS,AME,64,30,3,5.47,64,30,3,5.32,64,30,3,5.63,63,30,3,5.80,64,29,3,5.83,65,29,3,5.39,65,28,3,5.39,66,3,5.2,,,,71,3,0.99,71,3,1,71,3,1
Bahrain,BHR,MENA,42,76,6,5.33,44,69,6,6.19,42,78,6,5.20,42,78,6,5.91,42,77,6,7.65,36,99,4,1.81,36,103,4,1.81,43,5,5.96,51,5,7.86,49,5,6.11,48,5,5.4,51,5,4.1
Bangladesh,BGD,AP,24,149,8,1.51,25,147,8,1.93,26,147,8,1.74,26,146,8,1.72,26,146,8,2.62,26,149,8,2.63,28,143,8,3.19,26,7,4.13,25,7,4.3,25,7,4.23,27,7,4.1,26,7,4.1
Barbados,BRB,AME,69,24,3,3.37,65,29,4,3.28,65,29,4,3.07,64,29,4,5.47,62,30,4,6.06,68,25,3,3.12,68,25,3,3.24,61,3,6.91,,,,74,3,8.09,75,3,7.1,76,3,6.7
Belarus,BLR,ECA,37,98,7,3.34,39,91,7,3.14,41,82,8,2.35,47,63,7,3.38,45,66,7,4.20,44,70,7,3.92,44,68,7,4.12,40,7,3.93,32,6,4.37,31,5,4.04,29,5,4,31,5,3.6
Belgium,BEL,WE/EU,73,16,8,2.13,73,18,8,1.52,73,18,8,1.44,76,15,7,1.05,75,17,7,1.09,75,17,8,1.09,75,16,8,1.63,77,7,1.55,77,7,1.34,76,7,2.26,75,7,2.3,75,7,2.4
Benin,BEN,SSA,43,70,6,3.13,43,72,7,2.42,42,78,7,2.35,41,83,7,1.80,41,80,7,2.64,40,85,6,3.14,39,85,6,4.17,36,6,3.8,37,5,4.43,39,4,4.38,36,6,3.4,36,6,4.3
Bhutan,BTN,AP,68,26,4,2.18,68,25,4,2.18,68,25,4,2.24,68,24,4,2.39,68,25,4,2.76,68,25,4,2.86,67,26,5,1.83,65,5,2.12,65,4,2.14,65,4,1.81,63,4,2.6,63,3,3.6
Bolivia,BOL,AME,29,133,7,2.31,31,126,6,2.41,30,128,7,1.68,31,124,7,2.05,31,123,7,3.00,29,132,7,3.6,33,112,6,2.98,33,8,2.85,34,7,3.58,35,7,2.98,34,7,3.7,34,7,3.7
Bosnia and Herzegovina,BIH,ECA,35,108,6,1.95,34,110,7,2.18,35,110,7,1.80,35,111,7,1.87,36,101,7,1.95,38,89,7,1.86,38,91,7,2.56,39,7,1.7,38,6,1.71,39,6,1.15,42,7,2.9,42,7,2.3
Botswana,BWA,SSA,59,39,7,3.04,60,35,8,2.63,55,45,8,3.19,60,35,7,2.88,61,34,7,3.73,61,34,7,2.76,61,34,7,2.74,60,6,3.1,63,6,2.35,63,6,1.93,64,7,1.6,65,7,1.9
Brazil,BRA,AME,36,104,8,1.47,38,94,8,1.58,38,96,8,1.61,38,94,8,2.50,35,106,8,4.06,35,105,8,4.05,37,96,8,4.24,40,8,4.34,38,7,5.29,43,7,4.01,42,8,3.7,43,8,3.3
Brunei Darussalam,BRN,AP,,,,,,,,,,,,,60,35,3,5.59,60,35,3,6.12,63,31,3,6.62,62,32,3,8.72,58,3,8.85,,,,,,,60,3,10.4,55,3,9.1
Bulgaria,BGR,WE/EU,45,67,10,1.16,43,72,10,1.06,42,78,10,1.18,44,69,10,1.29,43,74,10,2.77,42,77,10,2.41,43,71,10,2.66,41,9,2.2,41,9,2.43,43,9,2.82,41,9,3.3,41,8,3.8
Burkina Faso,BFA,SSA,41,83,7,1.78,42,77,7,1.37,42,78,7,1.37,40,86,8,1.62,40,85,8,2.54,41,78,8,1.81,42,74,7,2.18,42,7,2.47,38,7,2.97,38,7,2.67,38,7,3.9,38,7,4.4
Burundi,BDI,SSA,20,162,5,1.80,17,171,5,2.33,19,169,6,3.27,19,165,6,3.74,19,165,6,4.89,17,170,5,2.65,22,157,6,3.29,20,6,1.53,21,5,2.94,20,5,3.65,21,5,2.6,19,5,2.8
Cabo Verde,CPV,SSA,64,30,3,3.05,60,35,4,4.81,58,39,4,2.97,58,41,4,3.72,58,41,4,4.30,57,45,4,4.22,55,48,4,4.19,59,3,5.72,55,4,6.16,57,4,5.94,58,4,4.8,60,4,3.8
Cambodia,KHM,AP,22,158,7,2.90,24,150,8,2.78,23,157,8,2.84,21,160,8,2.32,20,162,8,3.41,20,161,8,2.58,21,161,8,2.43,21,8,2.82,21,7,3.87,21,7,2.25,20,7,3,22,7,3.1
Cameroon,CMR,SSA,27,140,9,1.65,26,142,9,1.37,27,144,9,1.37,25,149,9,1.36,25,153,9,2.42,25,152,9,2.43,25,153,9,2.58,26,9,3.04,27,8,3.26,27,8,2.87,25,8,2.9,26,8,3.5
Canada,CAN,AME,76,12,8,1.73,74,14,8,2.12,74,13,8,2.30,77,11,8,1.77,77,12,8,2.80,81,9,8,2.16,82,8,8,1.49,82,7,2.03,83,7,1.63,81,7,2.45,81,7,2.4,84,7,2.2
Central African Republic,CAF,SSA,24,149,5,0.99,24,150,5,0.81,24,154,5,0.99,26,146,5,0.93,25,153,5,1.43,26,149,5,1.14,23,156,5,3.28,20,4,4.04,24,4,1.44,24,4,1.33,25,4,5.4,26,4,2.4
Chad,TCD,SSA,20,162,6,2.16,19,167,6,1.51,20,164,6,1.89,21,160,6,1.71,20,162,6,2.45,19,165,6,2.94,20,165,6,2.73,20,5,2.67,22,5,2.35,22,5,2.95,19,5,3.8,19,5,2.5
Chile,CHL,AME,66,29,9,1.54,67,27,9,1.34,67,27,9,1.33,67,25,9,1.23,67,26,9,2.55,67,27,9,1.88,67,26,9,2.03,66,8,2.65,70,8,2.15,73,8,1.74,71,9,1.8,72,9,2.1
China,CHN,AP,42,76,8,1.64,45,65,9,1.81,45,66,9,1.77,42,78,8,1.63,41,80,8,2.10,39,87,8,2.02,41,77,9,1.96,40,8,2.39,37,8,2.34,36,8,2.17,40,9,2.9,39,9,2.9
Colombia,COL,AME,40,87,8,1.42,39,91,8,1.38,39,87,8,1.45,39,92,8,1.59,37,96,8,2.49,36,99,8,2.51,37,96,8,2.77,37,8,2.27,37,7,1.94,37,7,1.68,36,7,2,36,7,2.6
Comoros,COM,SSA,20,162,4,5.51,19,167,4,5.48,20,164,4,5.83,21,160,4,5.75,25,153,4,8.90,27,144,4,9,27,148,4,8.87,24,3,12.81,26,3,8.76,26,3,8.75,28,3,7.5,28,3,7.5
Congo,COG,SSA,22,158,7,1.47,21,164,7,1.26,21,162,7,1.46,19,165,6,0.80,19,165,6,1.03,19,165,6,1.04,21,161,6,1.08,20,5,1.78,23,6,4.11,23,6,4.2,22,6,3.8,26,6,3.3
Costa Rica,CRI,AME,55,45,7,2.90,54,48,7,3.16,58,39,7,2.42,57,42,7,2.58,56,44,7,3.97,56,48,7,3.65,59,38,7,2.98,58,7,3.17,55,6,2.71,54,5,4.07,53,5,4.1,54,5,7
Cote d'Ivoire,CIV,SSA,40,87,9,1.89,37,99,9,1.97,36,105,9,1.40,36,104,9,1.46,35,106,9,2.49,35,105,9,2.05,36,103,8,2.03,34,8,2.03,32,8,2.65,32,8,4.2,27,8,2.3,29,8,2.4
Croatia,HRV,WE/EU,50,57,9,1.25,50,57,9,0.93,47,63,10,1.56,47,63,10,1.48,47,63,10,2.42,48,60,10,2.77,49,57,10,2.64,49,9,2.39,51,9,2.02,48,9,3.25,48,9,3.3,46,8,3.1
Cuba,CUB,AME,42,76,5,3.46,45,65,5,2.87,46,64,5,3.07,47,63,5,2.81,48,60,5,1.87,47,61,5,2.56,47,62,5,2.36,47,5,2.9,47,4,3.64,46,4,4.46,46,4,4.5,48,4,4.1
Cyprus,CYP,WE/EU,53,49,8,2.21,52,51,8,2.46,53,52,8,2.59,57,42,7,3.19,58,41,7,3.41,59,38,7,3.54,57,42,7,3.78,55,5,5.94,61,5,4.17,63,5,3.92,63,5,3.9,66,4,2.4
Czechia,CZE,WE/EU,57,41,10,1.26,56,41,10,1.08,54,49,10,1.28,54,49,10,1.10,56,44,10,1.87,59,38,10,2.28,57,42,10,1.98,55,9,2.24,56,9,2.21,51,9,2.94,48,10,3,49,10,2.9
Democratic Republic of the Congo,COD,SSA,20,162,9,1.08,20,166,9,0.99,19,169,9,1.00,18,170,9,0.75,18,168,9,1.43,20,161,8,2.13,21,161,8,1.96,21,7,2.13,22,6,3.35,22,5,4.19,22,5,4.2,21,5,3.3
Denmark,DNK,WE/EU,90,1,8,1.82,90,1,8,1.71,88,1,8,1.85,88,1,8,1.78,87,1,8,2.54,88,1,8,2.63,88,2,8,2.75,90,7,2.46,91,7,2.16,92,7,2.04,91,7,2.2,90,7,2
Djibouti,DJI,SSA,30,130,5,1.71,30,130,5,1.74,30,128,5,1.68,27,142,5,1.53,30,126,5,4.28,31,124,4,5.38,31,122,4,5.32,30,3,8.23,34,3,9.07,34,3,9.1,36,3,8.6,36,3,8.6
Dominica,DMA,AME,56,42,3,1.91,55,45,3,1.90,55,45,3,1.98,55,48,3,1.98,55,48,3,2.16,57,45,3,2.55,57,42,3,2.55,59,3,0.85,,,,58,3,2.34,58,3,2.3,58,3,2.3
Dominican Republic,DOM,AME,35,108,7,1.62,32,123,7,1.31,30,128,7,1.16,28,137,7,1.91,28,137,7,2.70,30,129,7,2.57,29,135,7,2.56,31,6,1.89,33,6,2.63,32,6,3.3,29,6,3.5,32,6,2.7
Ecuador,ECU,AME,34,115,7,1.48,36,101,7,1.07,36,105,7,1.58,39,92,7,1.73,38,93,7,2.19,34,114,7,3.46,32,117,7,2.66,31,6,1.96,32,6,2.86,33,5,3.56,35,6,3.6,32,6,2.9
Egypt,EGY,MENA,35,108,7,3.75,30,130,6,1.78,33,117,7,4.09,33,117,7,3.68,35,106,7,4.86,35,105,7,4.59,32,117,7,4.04,34,6,2.72,36,6,2.47,37,6,2.91,32,7,3.1,32,7,3.1
El Salvador,SLV,AME,31,126,7,1.26,33,116,7,1.91,34,115,7,1.59,36,104,7,1.38,34,113,7,2.56,35,105,7,2.59,33,112,7,3.25,36,7,2.76,39,6,2.26,39,6,1.98,38,6,2,38,6,2.8
Equatorial Guinea,GNQ,SSA,17,172,4,2.57,17,171,4,2.55,17,172,4,2.55,16,174,4,2.60,16,173,4,3.00,16,172,3,2.82,17,171,3,3.56,,,,,,,,,,19,3,2.2,20,3,1.3
Eritrea,ERI,SSA,21,161,5,4.73,22,162,5,4.78,22,161,5,4.99,21,160,5,4.58,23,160,5,6.66,24,157,5,8.24,20,165,5,5.74,18,5,6.24,18,4,8.15,18,4,7.91,20,4,11,25,4,9.2
Estonia,EST,WE/EU,76,12,10,1.06,74,14,10,1.01,74,13,10,0.92,75,17,10,0.87,74,18,10,1.21,73,18,10,1.44,71,21,10,2.21,70,10,2.16,70,9,2.79,69,9,2.89,68,9,2.7,64,8,3
Eswatini,SWZ,SSA,30,130,3,5.90,30,130,3,5.90,32,122,3,7.12,33,117,4,4.93,34,113,4,6.08,38,89,3,4.48,39,85,3,5.81,,,,,,,43,3,2.98,39,4,1.8,37,4,2.1
Ethiopia,ETH,SSA,37,98,8,1.20,38,94,8,1.31,39,87,8,1.21,38,94,9,1.00,37,96,9,1.52,34,114,8,1.52,35,107,9,1.36,34,9,1.37,33,8,2.73,33,8,2.54,33,8,2.5,33,8,1.6
Fiji,FJI,AP,52,53,3,4.15,53,49,3,4.32,55,45,3,5.16,,,,,,,,,,,,,,,,,,,,,,,,,,,,,,,
Finland,FIN,WE/EU,87,2,8,1.06,87,2,8,1.19,88,1,8,1.25,85,3,8,1.75,86,3,8,2.92,85,3,8,2.74,85,3,8,2.84,89,7,1.46,90,7,1.77,89,7,2.05,89,7,1.7,90,7,3
France,FRA,WE/EU,71,20,8,0.43,72,21,8,0.64,71,22,8,1.30,69,23,8,1.40,69,23,8,2.28,72,21,8,1.17,70,23,8,1.36,69,7,2.97,70,7,2.49,69,7,2.17,71,8,2.4,71,8,2.4
Gabon,GAB,SSA,28,136,6,2.32,29,136,6,2.07,31,124,5,2.40,30,129,6,2.35,31,123,6,2.41,31,124,4,3.92,32,117,4,3.22,35,4,0.97,34,4,1.65,37,4,4.19,34,5,1.5,35,5,2.1
Gambia,GMB,SSA,37,98,7,3.34,34,110,7,3.76,37,102,8,3.38,37,102,8,3.19,37,96,7,5.98,37,93,6,9.44,30,130,6,6.22,26,5,7.2,28,5,6.67,29,5,7.55,28,5,6.7,34,5,7
Georgia,GEO,ECA,53,49,6,3.99,56,41,6,3.03,55,45,6,2.84,56,45,5,3.15,56,44,5,3.84,58,41,6,3.92,56,46,6,3.1,57,6,3.61,52,5,6.53,52,6,6.47,49,6,6.9,52,6,6
Germany,DEU,WE/EU,78,9,8,2.14,79,9,8,2.17,80,10,8,1.76,80,9,8,2.00,80,9,8,3.31,80,11,8,2.49,81,12,8,1.87,81,7,2.73,81,7,2.5,79,7,2.58,78,8,2.4,79,8,2.3
Ghana,GHA,SSA,43,70,9,1.47,43,72,9,1.43,43,73,9,1.53,43,75,9,1.52,41,80,9,2.76,41,78,9,2.54,40,81,9,2.56,43,9,2.89,47,8,2.82,48,8,3.01,46,9,3.3,45,9,3.8
Greece,GRC,WE/EU,49,59,8,2.21,52,51,8,2.14,49,58,8,1.63,50,59,8,1.81,48,60,8,2.57,45,67,8,2.51,48,59,8,2.98,44,7,2.5,46,7,5.08,43,7,5.56,40,7,4.5,36,7,3.6
Grenada,GRD,AME,53,49,3,3.74,52,51,3,3.23,53,52,3,3.99,53,52,3,3.48,53,51,3,4.37,52,53,3,3,52,52,3,3,56,3,4.63,,,,,,,,,,,,
Guatemala,GTM,AME,23,154,7,1.36,24,150,7,1.13,25,150,7,1.17,25,149,7,1.38,26,146,7,2.23,27,144,7,2.56,28,143,7,2.19,28,6,2.58,28,6,3.46,32,6,2.96,29,6,2.6,33,6,2.7
Guinea,GIN,SSA,26,141,7,1.69,25,147,7,1.60,25,150,8,1.27,28,137,8,1.88,29,130,8,2.50,28,138,6,2.67,27,148,7,2.37,27,5,2.54,25,6,3.16,25,7,3.21,24,7,3.6,24,7,2.7
Guinea Bissau,GNB,SSA,22,158,6,2.93,21,164,6,2.67,21,162,6,2.69,19,165,6,2.71,18,168,6,2.91,16,172,5,1.97,17,171,5,1.7,16,4,2.09,17,4,2.63,19,4,2.37,19,4,2.4,25,4,2.1
Guyana,GUY,AME,40,87,5,2.31,40,85,5,2.18,39,87,5,2.13,41,83,5,3.54,40,85,5,3.34,37,93,5,0.77,38,91,5,1.84,34,6,3.57,29,4,3.01,30,4,3.03,27,4,2.9,28,4,2.1
Haiti,HTI,AME,17,172,6,1.32,17,171,6,1.34,20,164,6,0.74,18,170,6,2.47,18,168,6,3.23,20,161,6,2.47,22,157,6,2.05,20,5,1.81,17,5,2.74,19,5,2.86,19,5,3.1,19,5,2.8
Honduras,HND,AME,23,154,8,0.53,23,157,8,0.50,23,157,8,0.85,24,157,7,1.52,26,146,7,3.25,29,132,8,2.42,29,135,8,2.32,30,7,3.05,31,7,4.12,29,6,3.49,26,6,2.5,28,6,2.4
Hong Kong,HKG,AP,75,14,8,2.18,76,12,8,1.61,76,12,8,1.85,77,11,8,1.79,76,16,8,3.15,76,14,8,2.47,77,13,7,2.37,77,7,2.62,75,7,2.48,74,7,2.75,75,8,2.4,77,8,1.9
Hungary,HUN,WE/EU,42,76,10,1.30,42,77,10,1.46,43,73,10,1.30,44,69,10,1.27,44,70,10,2.58,46,64,10,2.79,45,66,10,2.89,48,9,2.89,51,9,3.73,54,9,3.45,54,10,3.6,55,10,3.5
Iceland,ISL,WE/EU,72,19,7,3.54,74,14,7,3.83,74,13,7,3.70,75,17,7,3.86,78,11,7,4.63,76,14,7,4.33,77,13,7,4.38,78,6,3.81,79,5,4.53,79,6,3.16,78,6,2.8,82,6,4.1
India,IND,AP,39,93,9,1.26,40,85,9,1.18,40,85,9,1.17,40,86,9,1.14,41,80,9,1.60,41,78,9,2.42,40,81,9,2.16,40,8,2.47,38,8,3.14,38,9,2.27,36,10,2.2,36,10,2.1
Indonesia,IDN,AP,34,115,8,1.80,34,110,8,1.78,38,96,9,2.14,37,102,9,1.71,40,85,9,3.76,38,89,9,3.35,37,96,9,3.12,37,8,2.39,36,8,3.39,34,8,3.57,32,9,3.5,32,9,2.9
Iran,IRN,MENA,24,149,6,2.63,25,147,7,2.32,25,150,7,2.29,25,149,7,2.56,26,146,7,3.63,28,138,7,2.89,30,130,7,3.51,29,7,2.47,27,6,3.28,27,6,4.72,25,6,3.9,28,6,4.6
Iraq,IRQ,MENA,23,154,5,4.14,23,157,5,3.98,23,157,5,4.02,21,160,5,2.52,20,162,5,2.98,18,168,5,2.63,18,169,5,2.47,17,5,1.87,16,4,2.5,16,4,2.37,16,4,2.4,18,4,2.3
Ireland,IRL,WE/EU,77,11,8,1.17,77,10,8,0.79,74,13,8,0.68,72,20,7,2.15,74,18,7,3.61,73,18,7,3.25,74,19,7,3.68,73,6,4.31,75,6,4.92,74,6,4.75,72,6,4.2,69,6,3.5
Israel,ISR,MENA,62,33,6,2.45,63,31,7,2.05,59,36,7,2.05,60,35,7,1.34,60,35,7,1.99,61,34,7,1.49,62,32,7,2.19,64,6,2.27,61,6,2.78,60,6,2.34,61,6,1.6,60,5,2.9
Italy,ITA,WE/EU,56,42,8,1.66,56,41,8,1.71,56,42,8,1.46,53,52,8,2.11,53,51,8,3.22,52,53,8,3.29,50,54,8,3.72,47,7,3.34,44,7,2.5,43,7,2.26,43,7,2.5,42,7,2.4
Jamaica,JAM,AME,44,69,7,3.06,44,69,6,3.66,44,70,6,3.66,44,69,7,3.34,43,74,7,3.58,44,70,7,3.37,44,68,7,3.96,39,6,1.84,41,6,1.68,38,6,1.8,38,6,1.8,38,6,2.2
Japan,JPN,AP,73,16,9,1.75,73,18,9,1.86,73,18,9,2.10,74,19,9,2.02,73,20,9,3.51,73,18,9,2.85,73,20,9,2.66,72,8,3.02,75,8,2.96,76,8,3.16,74,9,2.4,74,9,2.3
Jordan,JOR,MENA,46,63,7,2.87,47,61,8,2.38,49,58,8,2.65,49,60,8,2.20,48,60,8,3.29,49,58,8,3.21,48,59,8,2.99,48,8,3.03,53,7,3,49,7,2.87,45,7,2.4,48,7,3.1
Kazakhstan,KAZ,ECA,39,93,9,3.20,36,101,9,3.29,37,102,9,3.33,38,94,9,3.12,34,113,9,4.18,31,124,9,3.6,31,122,9,3.59,29,9,3.35,28,8,4.9,29,8,4.4,26,8,3.3,28,8,4.1
Kenya,KEN,SSA,31,126,9,1.54,32,123,9,1.50,30,128,9,1.32,31,124,9,1.49,28,137,9,2.17,27,144,9,1.82,28,143,9,1.94,26,9,1.72,25,8,3.02,25,8,2.98,27,8,2.7,27,8,2.2
"Korea, North",PRK,AP,17,172,4,3.78,17,171,4,3.78,16,174,4,2.57,18,170,4,3.46,17,172,4,3.16,14,176,4,1.39,17,171,4,4.18,12,3,1.39,8,3,3.38,8,3,3.35,8,3,3.4,8,3,3.4
"Korea, South",KOR,AP,63,32,10,1.25,63,31,10,1.03,62,32,10,1.13,61,33,10,1.11,59,39,10,2.44,57,45,10,2.74,54,51,10,2.24,53,9,2.33,54,9,2.29,55,9,2.64,55,10,2.4,56,10,2.4
Kosovo,KSV,ECA,41,83,6,2.36,41,84,6,2.58,39,87,6,2.31,36,104,6,0.68,36,101,5,0.81,37,93,5,1.49,39,85,5,2.13,36,5,3.17,33,3,2.19,33,3,2.33,33,3,2.3,34,3,1.5
Kuwait,KWT,MENA,46,63,8,1.66,42,77,6,1.74,43,73,6,2.00,42,78,6,1.88,40,85,6,1.88,41,78,6,3.47,39,85,6,2.47,41,5,2.67,49,5,4.51,44,5,5.24,43,5,3.9,44,5,3.9
Kyrgyzstan,KGZ,ECA,26,141,7,1.69,27,140,7,1.32,27,144,7,1.16,31,124,7,1.28,30,126,7,2.54,29,132,7,2.37,29,135,7,2.59,28,7,2.08,28,6,2.29,27,6,2.35,24,6,2.3,24,6,1.8
Laos,LAO,AP,28,136,4,2.44,31,126,5,3.70,30,128,5,3.21,29,134,5,3.95,29,130,5,5.00,29,132,5,5.7,29,135,5,5.89,30,4,6.19,25,4,5.31,25,4,3.8,26,4,5,21,3,1.3
Latvia,LVA,WE/EU,60,36,9,1.76,59,39,10,1.36,59,36,10,1.32,57,42,9,1.92,56,44,9,3.53,58,41,9,2.95,58,40,9,3.21,57,9,2.96,56,8,2.76,55,8,3.35,53,8,3.6,49,6,4
Lebanon,LBN,MENA,24,149,6,1.12,24,150,7,0.82,24,154,7,0.77,25,149,7,1.15,28,137,7,2.27,28,138,7,2.28,28,143,7,2.11,28,7,2.5,28,6,3.22,27,6,3.37,28,6,3.3,30,6,2.3
Lesotho,LSO,SSA,39,93,5,4.65,37,99,6,3.87,38,96,6,4.00,41,83,6,3.24,40,85,6,3.95,41,78,6,3.67,42,74,6,4.08,39,5,6.15,44,5,4.99,49,5,3.55,49,5,3.6,45,5,4.6
Liberia,LBR,SSA,25,145,7,1.64,26,142,7,1.72,29,136,8,1.70,28,137,7,2.01,28,137,7,2.67,32,120,8,3.31,31,122,8,3.24,37,7,3.43,37,7,4.22,37,6,3.09,38,7,3.3,41,7,3.9
Libya,LBY,MENA,18,170,5,1.83,17,171,5,1.59,17,172,5,1.72,17,173,5,1.72,18,168,5,2.24,17,170,5,2.57,17,171,5,3.05,14,4,2,16,5,3.18,18,5,2.81,15,6,3.3,21,6,4
Lithuania,LTU,WE/EU,61,34,10,1.25,62,33,10,1.14,61,34,10,1.18,60,35,9,1.34,60,35,9,2.32,59,38,9,2.3,59,38,9,2.21,59,9,1.36,59,8,1.92,58,8,3.85,57,8,3.8,54,7,5.3
Luxembourg,LUX,WE/EU,78,9,8,1.06,77,10,8,1.08,81,9,8,0.96,80,9,7,1.50,80,9,7,1.95,81,9,7,2.32,82,8,6,2.08,81,6,1.96,85,5,1.6,82,6,2.78,80,6,2.9,80,6,2.8
Madagascar,MDG,SSA,25,145,7,1.53,26,142,7,1.67,26,147,7,1.69,25,149,8,1.51,24,158,8,2.48,25,152,7,2.64,24,155,8,2.72,26,7,2.88,28,7,2.99,28,8,3.38,28,8,1.9,32,8,3.2
Malawi,MWI,SSA,34,115,9,1.42,34,110,9,1.71,35,110,9,1.69,30,129,9,1.16,31,123,9,1.78,32,120,9,2.61,31,122,9,1.85,31,9,2.11,31,8,2.41,33,8,3.03,37,8,1.7,37,8,1.5
Malaysia,MYS,AP,50,57,9,0.97,47,61,9,1.37,48,62,9,1.32,51,57,9,1.62,53,51,9,2.29,47,61,9,2.86,47,62,9,2.67,49,8,2.46,50,8,3,52,8,2.88,50,9,3.4,49,9,3.4
Maldives,MDV,AP,39,93,3,4.17,40,85,3,4.83,40,85,3,4.39,43,75,3,7.69,29,130,3,2.57,31,124,3,2.24,33,112,3,1.71,36,3,5.66,,,,,,,,,,,,
Mali,MLI,SSA,28,136,8,1.49,28,137,8,1.63,29,136,8,1.46,30,129,8,1.50,29,130,8,2.62,32,120,7,1.38,31,122,7,2.08,32,6,1.75,35,6,1.89,32,6,3.37,28,6,3.3,34,6,4
Malta,MLT,WE/EU,51,55,7,2.42,51,54,7,2.52,54,49,7,1.73,53,52,6,1.42,54,50,6,1.55,54,51,5,1.39,56,46,5,1.18,55,5,1.39,60,4,1.32,55,5,2.63,56,5,2.4,57,4,2.4
Mauritania,MRT,SSA,30,130,6,1.65,30,130,6,1.68,28,140,7,1.85,29,134,6,1.60,28,137,6,2.73,27,144,6,2.95,28,143,6,2.41,27,5,3.62,31,5,5.07,30,5,4.23,30,5,4.1,31,5,3.5
Mauritius,MUS,SSA,51,55,6,2.04,50,57,6,1.78,54,49,6,1.60,53,52,6,1.54,52,56,6,3.12,51,56,5,3.83,50,54,5,4.41,54,4,2.14,53,4,1.49,54,4,2.39,52,5,1.1,57,5,3.5
Mexico,MEX,AME,31,126,9,1.56,31,126,9,1.62,31,124,9,1.43,31,124,9,1.38,29,130,9,1.73,28,138,9,1.83,29,135,9,1.69,30,8,1.56,31,8,3.02,35,8,1.66,34,9,1.8,34,9,1.7
Moldova,MDA,ECA,42,76,7,2.10,39,91,8,1.65,36,105,7,1.34,34,115,9,1.24,32,120,9,2.40,33,117,9,2.13,31,122,9,1.54,30,9,2.18,33,8,2.88,35,8,2.7,35,8,2.8,36,8,2.6
Mongolia,MNG,AP,33,121,7,1.05,33,116,8,0.82,35,110,8,0.57,35,111,9,0.71,35,106,9,1.89,37,93,9,1.94,36,103,9,1.4,38,9,1.7,39,8,1.76,39,7,2.13,38,7,2.2,36,7,2.6
Montenegro,MNE,ECA,46,63,5,2.55,45,65,5,1.93,46,64,5,2.13,45,67,5,3.25,45,66,5,4.84,45,67,5,4.43,46,64,5,2.45,45,4,2.89,44,4,4.87,42,4,4.25,44,4,2.2,41,4,4.5
Morocco,MAR,MENA,38,97,7,1.70,38,94,7,1.80,39,87,6,2.47,40,86,7,2.22,41,80,7,3.15,43,73,7,3.68,40,81,7,2.6,37,7,1.74,36,6,3.85,39,6,3.57,37,8,2.9,37,8,3.2
Mozambique,MOZ,SSA,25,145,8,1.91,26,142,8,1.89,26,147,8,1.99,25,149,9,1.60,26,146,9,2.98,23,158,8,2.64,25,153,8,2.87,27,8,2.57,31,7,1.97,31,7,1.89,30,7,2,31,7,1.6
Myanmar,MMR,AP,20,162,7,2.29,23,157,7,1.90,28,140,7,2.78,28,137,7,2.65,29,130,7,4.21,29,132,7,3.94,30,130,7,3.91,28,8,3.69,22,7,2.82,21,7,2.87,21,6,3.9,15,4,3.7
Namibia,NAM,SSA,49,59,6,2.84,49,59,7,2.48,49,58,7,2.61,51,57,7,1.88,52,56,7,3.13,53,52,6,3.72,51,53,6,3.22,52,5,2.03,53,5,2.75,49,5,4,48,6,3.4,48,6,3.5
Nepal,NPL,AP,35,108,6,0.74,34,110,6,0.93,33,117,6,0.54,33,117,6,1.35,34,113,6,1.76,31,124,6,1.85,31,122,6,2,29,6,2.33,27,5,2.73,29,5,2.2,31,5,1.4,27,5,2.4
Netherlands,NLD,WE/EU,79,8,8,2.10,80,8,8,2.01,82,8,8,1.36,82,8,8,1.44,82,8,8,2.25,82,8,8,2.3,82,8,8,2.23,83,7,2.32,84,7,1.98,83,7,1.97,83,7,2,84,7,2
New Zealand,NZL,AP,85,3,8,1.92,87,2,8,1.41,88,1,8,1.43,88,1,8,1.48,87,1,8,2.29,87,2,8,2.44,89,1,8,2.4,90,7,2.56,91,7,2.32,91,7,2.28,91,7,2.3,90,7,2.2
Nicaragua,NIC,AME,17,172,7,0.96,19,167,8,1.04,20,164,8,0.97,22,159,7,0.90,22,161,7,1.16,25,152,8,1.13,26,151,8,1.29,26,7,1.98,27,7,2.5,28,7,2.03,28,7,2.4,29,7,2.1
Niger,NER,SSA,32,125,7,1.50,32,123,7,1.50,31,124,7,1.35,32,123,7,1.20,32,120,7,1.72,34,114,6,2.98,33,112,6,3.27,35,5,3.25,34,5,4.16,35,5,3.99,34,5,3.7,33,5,3.1
Nigeria,NGA,SSA,25,145,8,1.64,24,150,8,1.60,24,154,8,1.57,25,149,8,1.45,26,146,8,1.87,27,144,9,2.03,27,148,9,1.97,28,9,1.98,26,8,2.24,27,8,2.82,25,9,3.1,27,9,2.7
North Macedonia,MKD,ECA,42,76,6,2.88,40,85,7,1.95,39,87,7,1.66,35,111,7,2.44,35,106,7,3.56,37,93,7,3.38,35,107,6,4.49,37,7,4.97,42,6,5.27,45,6,5.92,44,6,5,43,6,4.7
Norway,NOR,WE/EU,84,4,7,1.38,84,4,7,1.17,85,4,7,1.07,84,7,7,1.26,84,7,7,1.65,84,7,8,2.14,85,3,8,1.83,85,7,1.85,88,7,2.24,86,7,2.38,86,7,2.3,85,7,1.6
Oman,OMN,MENA,43,70,5,5.32,44,69,5,4.95,52,56,6,7.12,54,49,6,7.47,52,56,6,9.78,52,53,6,9.46,44,68,5,7,45,5,7.07,45,5,6.69,45,5,6.55,47,5,7.8,47,5,7.6
Pakistan,PAK,AP,29,133,8,2.09,27,140,7,1.92,28,140,8,1.87,31,124,8,1.80,32,120,8,2.46,33,117,8,2.06,32,117,8,2.11,32,7,2.12,30,7,3.12,29,7,3.24,28,8,3,27,8,2.3
Panama,PAN,AME,35,108,7,1.17,36,101,7,1.08,36,105,7,1.02,35,111,7,0.77,36,101,7,1.37,37,93,7,1.76,37,96,7,1.79,38,6,2.29,39,6,3.01,37,6,3.49,35,6,2.2,38,6,3.1
Papua New Guinea,PNG,AP,29,133,6,1.76,30,130,6,2.34,31,124,6,2.26,27,142,6,1.62,28,137,6,2.38,28,138,6,2.47,29,135,6,2.55,28,5,3.01,25,5,4.22,25,5,4.16,25,5,4.2,25,5,4.2
Paraguay,PRY,AME,28,136,6,1.84,28,137,7,1.70,30,128,7,1.40,28,137,6,2.19,28,137,6,2.84,29,132,6,3.05,29,135,6,3.1,30,6,2.68,27,5,2.85,24,5,2.95,24,5,3.1,25,5,2.9
Peru,PER,AME,33,121,8,1.40,36,101,8,1.43,36,105,8,1.84,38,94,8,1.98,36,101,8,3.07,35,105,8,3.1,37,96,8,3.35,35,7,2.04,36,7,3.05,38,7,2.63,38,7,2.5,38,7,2.1
Philippines,PHL,AP,34,115,9,1.21,33,116,9,0.93,33,117,9,0.94,34,115,9,0.92,34,113,9,1.59,36,99,9,1.55,34,111,9,1.9,35,9,1.58,35,8,1.92,38,8,1.84,36,9,2.5,34,9,2.2
Poland,POL,WE/EU,54,47,10,1.36,55,45,10,1.37,56,42,10,1.22,56,45,10,1.39,58,41,10,1.85,60,36,10,1.69,60,36,10,1.36,62,10,1.77,63,9,2.59,61,9,2.7,60,10,2.3,58,10,2
Portugal,PRT,WE/EU,61,34,8,1.75,62,33,8,1.63,62,32,8,1.84,61,33,8,1.73,62,30,8,2.82,64,30,8,2.14,63,29,8,2.56,62,8,2.58,64,7,2.5,63,7,3.36,62,7,3,63,7,2.5
Qatar,QAT,MENA,58,40,6,4.90,58,40,6,5.08,63,31,7,5.01,63,30,7,5.35,62,30,7,8.00,62,33,7,8.08,63,29,7,7.5,61,7,7.02,71,6,6.63,69,6,7.21,68,6,7.2,68,6,6.4
Romania,ROU,WE/EU,46,63,10,0.91,46,63,10,1.01,45,66,10,1.00,44,69,10,0.89,44,70,10,2.76,47,61,10,3.25,48,59,10,3.12,48,10,3,46,9,3.11,43,9,3.6,43,9,3,44,8,3.7
Russia,RUS,ECA,26,141,7,1.47,28,137,8,1.73,29,136,9,1.46,30,129,9,1.33,28,137,9,2.48,28,138,9,2.51,29,135,9,2.5,29,9,2.73,29,8,2.52,27,8,2.61,28,9,2.3,28,9,2.2
Rwanda,RWA,SSA,53,49,6,2.19,51,54,6,2.79,53,52,7,3.59,54,49,7,3.39,53,51,7,4.75,56,48,6,6.07,55,48,6,6,54,6,5.07,54,5,6.42,49,4,3.23,53,5,5.7,53,5,6.3
Saint Lucia,LCA,AME,55,45,3,3.70,55,45,3,3.70,56,42,3,4.03,56,45,3,4.17,55,48,3,4.15,55,50,3,4.27,55,48,3,4.27,60,3,6.8,,,,71,3,0.84,71,3,0.8,71,3,0.8
Saint Vincent and the Grenadines,VCT,AME,60,36,3,4.26,60,35,3,4.51,59,36,3,3.55,59,40,3,4.02,59,39,3,4.14,58,41,3,3.39,58,40,3,3.39,60,3,1.66,,,,62,3,5.59,62,3,5.6,62,3,5.6
Sao Tome and Principe,STP,SSA,45,67,4,4.82,45,65,4,4.82,45,66,4,4.82,47,63,4,5.06,46,64,4,5.36,46,64,4,5.05,46,64,4,5.21,46,3,0.93,42,3,5,42,3,5.05,42,3,5,42,3,5
Saudi Arabia,SAU,MENA,52,53,6,5.28,51,54,6,4.64,53,52,7,4.24,53,52,7,5.36,53,51,7,7.56,49,58,7,6.34,49,57,7,6.14,46,5,7.54,52,5,7.03,49,5,6.69,46,5,6.7,44,5,6.4
Senegal,SEN,SSA,43,70,9,1.35,43,72,9,1.40,43,73,9,1.35,45,67,9,1.33,45,66,9,2.06,45,67,9,2.51,45,66,9,2.52,45,8,2.63,44,8,2.61,43,8,2.28,41,9,1.5,36,9,1.8
Serbia,SRB,ECA,36,104,8,1.26,36,101,8,1.33,38,96,8,1.42,38,94,8,1.66,39,91,8,2.48,39,87,8,2.89,41,77,8,2.8,42,7,3.69,40,7,3.9,41,7,2.92,42,7,3.4,39,7,2.6
Seychelles,SYC,SSA,71,20,3,0.37,70,23,3,1.78,70,23,3,1.34,66,27,4,2.97,66,27,4,3.40,66,28,4,3.08,60,36,4,8.32,,,,55,3,8.5,55,3,8.62,54,4,8.2,52,4,8
Sierra Leone,SLE,SSA,35,108,8,2.14,34,110,9,1.73,34,115,9,1.84,33,117,8,2.42,33,119,8,3.47,30,129,9,2.17,30,130,9,1.95,30,8,2.94,29,8,3.44,31,8,2.3,30,8,2.4,31,8,1.9
Singapore,SGP,AP,83,5,9,1.15,83,5,8,1.30,85,4,9,1.16,85,3,9,1.20,85,4,9,2.05,85,3,9,1.98,84,6,9,2.26,84,8,2.35,85,8,2.02,84,8,1.75,86,9,2.3,87,9,2.1
Slovakia,SVK,WE/EU,54,47,9,1.67,53,49,10,1.72,52,56,10,2.01,49,60,9,2.69,50,59,9,4.57,50,57,9,4.11,50,54,9,3.32,51,8,3.09,51,8,3.63,50,8,4.07,47,8,4.7,46,8,4.3
Slovenia,SVN,WE/EU,56,42,10,1.04,56,41,10,0.96,57,41,10,1.04,60,35,10,1.13,60,35,10,2.28,60,36,10,2.37,61,34,10,2.78,61,10,2.44,60,9,2.93,58,9,3.03,57,9,3.6,61,8,3.9
Solomon Islands,SLB,AP,43,70,3,7.43,42,77,3,7.67,43,73,3,7.31,42,78,3,7.80,42,77,3,8.69,44,70,3,7.38,39,85,3,3.71,42,3,3.34,,,,,,,,,,,,
Somalia,SOM,SSA,11,180,6,2.08,12,180,6,1.74,13,178,6,1.89,12,179,6,2.29,9,180,5,1.74,10,180,6,3.08,9,180,5,2.26,10,5,2.98,8,4,2.32,8,4,2.34,8,4,1.9,8,4,2.3
South Africa,ZAF,SSA,41,83,8,2.08,43,72,8,2.01,44,70,8,2.35,44,69,8,2.17,44,70,8,3.44,43,73,8,3.8,43,71,8,3.98,45,7,2.55,44,7,2.61,44,7,2.41,42,9,2.8,43,9,2.5
South Sudan,SSD,SSA,13,177,5,1.33,13,178,5,1.90,11,180,5,0.41,12,179,5,1.11,12,179,5,1.26,13,178,5,1.86,12,179,5,1.56,11,5,3.21,15,3,1.45,15,3,2.35,14,3,1.6,,,
Spain,ESP,WE/EU,60,36,8,2.36,60,35,8,2.41,61,34,8,2.28,62,32,8,2.01,62,30,8,3.17,58,41,8,4.33,57,42,8,3.78,58,7,4.09,58,7,4.07,60,7,3.75,59,7,4.9,65,7,2.9
Sri Lanka,LKA,AP,34,115,8,0.62,36,101,7,0.80,37,102,7,0.99,38,94,8,1.17,38,93,7,2.11,38,89,7,1.85,38,91,7,1.82,36,7,1.64,37,7,2.09,38,7,2.18,37,7,2.1,40,7,1.3
Sudan,SDN,SSA,20,162,8,3.13,22,162,8,3.47,20,164,8,2.43,16,174,7,2.14,16,173,7,2.74,16,172,7,2.51,16,175,7,2.31,14,7,2.99,12,6,3.64,11,6,3.55,11,6,3.5,13,6,2.9
Suriname,SUR,AME,40,87,4,5.91,40,85,4,5.38,39,87,4,4.29,38,94,4,1.69,44,70,4,4.76,43,73,4,3.22,41,77,4,4.08,45,4,7.53,36,3,3.21,36,3,3.25,36,3,3.2,37,3,3.2
Sweden,SWE,WE/EU,82,6,8,2.28,83,5,8,2.20,85,4,8,1.24,85,3,8,1.30,85,4,8,1.98,85,3,8,2.02,84,6,8,2.27,88,7,1.33,89,7,1.71,87,7,3.41,89,7,2.3,88,7,1.9
Switzerland,CHE,WE/EU,82,6,7,1.74,82,7,7,1.85,84,7,7,1.11,85,3,7,1.10,85,4,7,1.58,85,3,7,1.57,85,3,7,1.71,86,6,1.57,86,6,2.55,86,6,2.61,85,6,2.5,86,6,2.6
Syria,SYR,MENA,13,177,5,1.58,13,178,5,1.57,13,178,5,1.58,14,178,5,1.58,13,178,5,1.92,13,178,5,1.92,14,178,5,1.93,13,5,1.97,18,4,5.66,20,4,5.31,17,4,3.8,26,5,2.7
Taiwan,TWN,AP,67,28,8,1.53,68,25,8,1.66,68,25,8,1.85,65,28,8,2.06,65,28,8,3.03,63,31,8,3.06,63,29,8,3.28,61,8,3.79,62,7,3.78,61,7,4.17,61,7,4.3,61,7,3.9
Tajikistan,TJK,ECA,20,162,5,0.78,24,150,6,3.13,25,150,6,3.97,25,149,6,5.09,25,153,6,6.66,25,152,6,5.73,21,161,5,2.36,25,6,5.26,26,5,7.36,23,5,5.32,22,5,3.8,22,5,3.8
Tanzania,TZA,SSA,40,87,9,2.20,38,94,9,0.99,39,87,9,1.39,38,94,9,0.80,37,96,9,1.92,36,99,9,1.83,36,103,9,1.55,32,9,1.84,30,8,3.49,31,8,3.2,33,8,2.7,35,8,2.1
Thailand,THA,AP,35,108,9,0.88,36,101,9,1.09,35,110,9,0.84,36,104,9,1.31,36,101,9,2.45,36,99,9,2.08,37,96,9,2.03,35,9,2.44,38,8,2.12,38,8,1.6,35,8,1.2,37,8,1.6
Timor-Leste,TLS,AP,43,70,4,5.19,42,77,4,5.03,41,82,4,3.68,40,86,4,2.71,38,93,4,4.50,35,105,3,4.81,38,91,3,7.5,35,3,5.97,28,3,5.17,28,3,5.18,30,3,3.2,33,3,5.6
Togo,TGO,SSA,31,126,7,1.15,30,130,7,1.70,30,128,7,1.60,29,134,7,1.75,29,130,7,2.40,30,129,6,2.35,32,117,6,3.29,32,5,4.21,32,5,3.04,29,5,3.69,29,5,3.7,30,5,3.4
Trinidad and Tobago,TTO,AME,42,76,6,4.87,42,77,7,3.86,41,82,7,3.66,40,86,7,3.73,40,85,7,5.38,41,78,6,5.8,41,77,6,5.47,35,5,2.48,39,4,4.64,38,4,4.82,38,4,5.1,39,4,4.5
Tunisia,TUN,MENA,40,87,7,1.70,40,85,7,1.12,44,70,7,1.90,44,69,7,2.83,43,74,7,3.94,43,73,7,3.86,42,74,7,3.73,41,7,3.9,38,6,2.17,40,6,1.72,41,7,1.9,41,7,2.8
Turkey,TUR,ECA,34,115,9,1.57,36,101,9,1.51,38,96,9,2.10,40,86,9,2.06,39,91,9,3.34,41,78,9,3.03,40,81,8,1.8,41,9,1.8,42,8,2.02,45,8,2.69,50,9,2.4,49,9,2.1
Turkmenistan,TKM,ECA,18,170,5,1.45,19,167,5,1.07,19,169,5,1.07,19,165,5,0.91,19,165,5,1.42,20,161,5,1.22,19,167,5,1.78,22,4,1.32,18,4,2.38,17,3,2.85,17,3,2.9,17,3,2.9
Uganda,UGA,SSA,26,141,8,1.30,26,142,8,1.49,27,144,9,1.22,27,142,9,1.15,28,137,9,2.04,26,149,9,2.13,26,151,9,2.11,25,9,2.24,25,8,3.19,26,8,3.03,26,8,3.3,29,8,2.2
Ukraine,UKR,ECA,36,104,8,1.93,33,116,8,1.44,32,122,9,1.29,33,117,9,1.31,30,126,9,2.38,32,120,9,2.27,30,130,9,2.27,29,9,1.97,27,8,1.93,26,8,1.64,25,8,1.7,26,8,1.8
United Arab Emirates,ARE,MENA,68,26,7,2.57,67,27,7,3.10,69,24,8,2.90,71,21,8,3.23,71,21,8,5.13,70,23,8,4.56,71,21,7,6.26,66,7,5.7,70,7,5.07,70,7,5.14,69,7,4.7,68,7,4.3
United Kingdom,GBR,WE/EU,71,20,8,1.68,73,18,8,1.85,78,11,8,1.43,77,11,8,2.20,77,12,8,3.34,80,11,8,2.03,82,8,8,1.7,81,7,2.12,81,7,2.4,78,7,2.09,76,8,1.3,74,8,1.3
United States of America,USA,AME,69,24,9,2.14,69,24,9,2.11,67,27,9,2.21,67,25,9,2.49,69,23,9,4.12,71,22,9,3.25,75,16,9,3.24,74,9,3.15,76,8,3.47,74,8,3.74,73,9,4,73,9,4.1
Uruguay,URY,AME,73,16,7,0.67,74,14,7,0.66,73,18,7,0.68,71,21,7,1.72,71,21,7,2.47,70,23,7,2.73,70,23,7,2.67,71,6,2.68,74,6,1.68,73,6,1.41,73,6,1.4,72,6,1.5
Uzbekistan,UZB,ECA,33,121,9,2.12,31,126,8,1.71,28,140,7,1.51,26,146,7,1.52,25,153,7,2.01,23,158,7,1.93,22,157,7,2.11,21,7,2.35,19,6,2.71,18,6,2.54,17,6,2,17,6,2
Vanuatu,VUT,AP,48,61,3,3.14,48,60,3,2.72,45,66,3,4.58,43,75,3,3.59,46,64,3,6.38,46,64,3,5.97,43,71,3,3.93,,,,,,,,,,,,,,,
Venezuela,VEN,AME,13,177,8,1.23,14,177,8,1.30,14,177,8,0.99,15,176,8,0.91,16,173,8,2.05,18,168,8,2.13,18,169,8,1.6,17,7,1.41,17,7,2.64,19,7,1.69,20,7,2.3,19,7,2.1
Vietnam,VNM,AP,41,83,8,1.40,42,77,8,1.50,39,87,8,0.82,36,104,8,1.81,37,96,8,2.84,33,117,8,2.84,35,107,8,2.78,33,8,2.46,31,8,2.56,31,8,2.55,31,8,2.6,31,8,2.5
Yemen,YEM,MENA,16,176,7,1.75,16,176,7,1.98,16,174,7,2.29,15,176,7,1.33,15,177,7,1.89,14,176,7,1.45,16,175,7,1.85,14,7,3.05,18,6,2.66,19,6,2.37,18,6,2.6,23,6,2.2
Zambia,ZMB,SSA,37,98,8,2.06,33,116,9,1.50,33,117,9,1.63,33,117,9,0.96,34,113,9,1.97,35,105,9,1.93,37,96,9,2.46,38,9,2.91,38,8,2.55,38,8,2.27,38,8,2.1,37,8,3.1
Zimbabwe,ZWE,SSA,24,149,9,1.30,23,157,8,1.53,23,157,8,1.52,24,157,9,1.35,24,158,9,2.31,22,160,9,2.29,22,157,9,2.22,22,9,2.59,21,8,4.54,21,8,4.18,21,8,4.3,20,8,4.3
